{"cameraMode":{"drawMode":0,"name":"Shaded","section":"Shading Mode"},"sceneLighting":false,"audioPlay":false,"sceneViewState":{"m_AlwaysRefresh":false,"showFog":false,"showSkybox":false,"showFlares":false,"showImageEffects":false,"showParticleSystems":false,"showVisualEffectGraphs":true,"m_FxEnabled":true},"in2DMode":false,"pivot":{"x":-1.1920928955078126e-7,"y":0.858720064163208,"z":0.008843213319778443},"rotation":{"x":0.07693708688020706,"y":0.19990207254886628,"z":-0.015757502987980844,"w":0.9767277240753174},"size":1.299673080444336,"orthographic":false}